zenodo_deposition_id,country,title,doi,url,citation
10796649,Aruba,Infrastructure Climate Resilience Assessment Data Starter Kit for Aruba,10.5281/zenodo.10796649,https://zenodo.org/records/10796649,"Russell, T., Jaramillo, D., Nicholas, C., Thomas, F., Pant, R., & Hall, J. W. (2023). Infrastructure Climate Resilience Assessment Data Starter Kit for Aruba (0.1.0) [Data set]. Zenodo. https://doi.org/10.5281/zenodo.10796649"
10796759,Antigua,Infrastructure Climate Resilience Assessment Data Starter Kit for Antigua,10.5281/zenodo.10796759,https://zenodo.org/records/10796759,"Russell, T., Jaramillo, D., Nicholas, C., Thomas, F., Pant, R., & Hall, J. W. (2023). Infrastructure Climate Resilience Assessment Data Starter Kit for Antigua (0.1.0) [Data set]. Zenodo. https://doi.org/10.5281/zenodo.10796759"
10796791,Barbuda,Infrastructure Climate Resilience Assessment Data Starter Kit for Barbuda,10.5281/zenodo.10796791,https://zenodo.org/records/10796791,"Russell, T., Jaramillo, D., Nicholas, C., Thomas, F., Pant, R., & Hall, J. W. (2023). Infrastructure Climate Resilience Assessment Data Starter Kit for Barbuda (0.1.0) [Data set]. Zenodo. https://doi.org/10.5281/zenodo.10796791"
10410902,Angola,Infrastructure Climate Resilience Assessment Data Starter Kit for Angola,10.5281/zenodo.10410902,https://zenodo.org/records/10410902,"Russell, T., Jaramillo, D., Nicholas, C., Thomas, F., Pant, R., & Hall, J. W. (2023). Infrastructure Climate Resilience Assessment Data Starter Kit for Angola (0.1.0) [Data set]. Zenodo. https://doi.org/10.5281/zenodo.10410902"
10797491,Anguilla,Infrastructure Climate Resilience Assessment Data Starter Kit for Anguilla,10.5281/zenodo.10797491,https://zenodo.org/records/10797491,"Russell, T., Jaramillo, D., Nicholas, C., Thomas, F., Pant, R., & Hall, J. W. (2023). Infrastructure Climate Resilience Assessment Data Starter Kit for Anguilla (0.1.0) [Data set]. Zenodo. https://doi.org/10.5281/zenodo.10797491"
10410823,Argentina,Infrastructure Climate Resilience Assessment Data Starter Kit for Argentina,10.5281/zenodo.10410823,https://zenodo.org/records/10410823,"Russell, T., Jaramillo, D., Nicholas, C., Thomas, F., Pant, R., & Hall, J. W. (2023). Infrastructure Climate Resilience Assessment Data Starter Kit for Argentina (0.1.0) [Data set]. Zenodo. https://doi.org/10.5281/zenodo.10410823"
10796787,American Samoa,Infrastructure Climate Resilience Assessment Data Starter Kit for American Samoa,10.5281/zenodo.10796787,https://zenodo.org/records/10796787,"Russell, T., Jaramillo, D., Nicholas, C., Thomas, F., Pant, R., & Hall, J. W. (2023). Infrastructure Climate Resilience Assessment Data Starter Kit for American Samoa (0.1.0) [Data set]. Zenodo. https://doi.org/10.5281/zenodo.10796787"
10410876,Burundi,Infrastructure Climate Resilience Assessment Data Starter Kit for Burundi,10.5281/zenodo.10410876,https://zenodo.org/records/10410876,"Russell, T., Jaramillo, D., Nicholas, C., Thomas, F., Pant, R., & Hall, J. W. (2023). Infrastructure Climate Resilience Assessment Data Starter Kit for Burundi (0.1.0) [Data set]. Zenodo. https://doi.org/10.5281/zenodo.10410876"
10410904,Benin,Infrastructure Climate Resilience Assessment Data Starter Kit for Benin,10.5281/zenodo.10410904,https://zenodo.org/records/10410904,"Russell, T., Jaramillo, D., Nicholas, C., Thomas, F., Pant, R., & Hall, J. W. (2023). Infrastructure Climate Resilience Assessment Data Starter Kit for Benin (0.1.0) [Data set]. Zenodo. https://doi.org/10.5281/zenodo.10410904"
10410934,Burkina Faso,Infrastructure Climate Resilience Assessment Data Starter Kit for Burkina Faso,10.5281/zenodo.10410934,https://zenodo.org/records/10410934,"Russell, T., Jaramillo, D., Nicholas, C., Thomas, F., Pant, R., & Hall, J. W. (2023). Infrastructure Climate Resilience Assessment Data Starter Kit for Burkina Faso (0.1.0) [Data set]. Zenodo. https://doi.org/10.5281/zenodo.10410934"
10796717,Bangladesh,Infrastructure Climate Resilience Assessment Data Starter Kit for Bangladesh,10.5281/zenodo.10796717,https://zenodo.org/records/10796717,"Russell, T., Jaramillo, D., Nicholas, C., Thomas, F., Pant, R., & Hall, J. W. (2023). Infrastructure Climate Resilience Assessment Data Starter Kit for Bangladesh (0.1.0) [Data set]. Zenodo. https://doi.org/10.5281/zenodo.10796717"
10797493,The Bahamas,Infrastructure Climate Resilience Assessment Data Starter Kit for The Bahamas,10.5281/zenodo.10797493,https://zenodo.org/records/10797493,"Russell, T., Jaramillo, D., Nicholas, C., Thomas, F., Pant, R., & Hall, J. W. (2023). Infrastructure Climate Resilience Assessment Data Starter Kit for The Bahamas (0.1.0) [Data set]. Zenodo. https://doi.org/10.5281/zenodo.10797493"
10796742,Saint Barthelemy,Infrastructure Climate Resilience Assessment Data Starter Kit for Saint Barthelemy,10.5281/zenodo.10796742,https://zenodo.org/records/10796742,"Russell, T., Jaramillo, D., Nicholas, C., Thomas, F., Pant, R., & Hall, J. W. (2023). Infrastructure Climate Resilience Assessment Data Starter Kit for Saint Barthelemy (0.1.0) [Data set]. Zenodo. https://doi.org/10.5281/zenodo.10796742"
10796617,Belize,Infrastructure Climate Resilience Assessment Data Starter Kit for Belize,10.5281/zenodo.10796617,https://zenodo.org/records/10796617,"Russell, T., Jaramillo, D., Nicholas, C., Thomas, F., Pant, R., & Hall, J. W. (2023). Infrastructure Climate Resilience Assessment Data Starter Kit for Belize (0.1.0) [Data set]. Zenodo. https://doi.org/10.5281/zenodo.10796617"
10796749,Bermuda,Infrastructure Climate Resilience Assessment Data Starter Kit for Bermuda,10.5281/zenodo.10796749,https://zenodo.org/records/10796749,"Russell, T., Jaramillo, D., Nicholas, C., Thomas, F., Pant, R., & Hall, J. W. (2023). Infrastructure Climate Resilience Assessment Data Starter Kit for Bermuda (0.1.0) [Data set]. Zenodo. https://doi.org/10.5281/zenodo.10796749"
10410830,Bolivia,Infrastructure Climate Resilience Assessment Data Starter Kit for Bolivia,10.5281/zenodo.10410830,https://zenodo.org/records/10410830,"Russell, T., Jaramillo, D., Nicholas, C., Thomas, F., Pant, R., & Hall, J. W. (2023). Infrastructure Climate Resilience Assessment Data Starter Kit for Bolivia (0.1.0) [Data set]. Zenodo. https://doi.org/10.5281/zenodo.10410830"
10796715,Bonaire,Infrastructure Climate Resilience Assessment Data Starter Kit for Bonaire,10.5281/zenodo.10796715,https://zenodo.org/records/10796715,"Russell, T., Jaramillo, D., Nicholas, C., Thomas, F., Pant, R., & Hall, J. W. (2023). Infrastructure Climate Resilience Assessment Data Starter Kit for Bonaire (0.1.0) [Data set]. Zenodo. https://doi.org/10.5281/zenodo.10796715"
10796805,Saint-Eustatius,Infrastructure Climate Resilience Assessment Data Starter Kit for Saint-Eustatius,10.5281/zenodo.10796805,https://zenodo.org/records/10796805,"Russell, T., Jaramillo, D., Nicholas, C., Thomas, F., Pant, R., & Hall, J. W. (2023). Infrastructure Climate Resilience Assessment Data Starter Kit for Saint-Eustatius (0.1.0) [Data set]. Zenodo. https://doi.org/10.5281/zenodo.10796805"
10796578,Saba,Infrastructure Climate Resilience Assessment Data Starter Kit for Saba,10.5281/zenodo.10796578,https://zenodo.org/records/10796578,"Russell, T., Jaramillo, D., Nicholas, C., Thomas, F., Pant, R., & Hall, J. W. (2023). Infrastructure Climate Resilience Assessment Data Starter Kit for Saba (0.1.0) [Data set]. Zenodo. https://doi.org/10.5281/zenodo.10796578"
10410908,Brazil,Infrastructure Climate Resilience Assessment Data Starter Kit for Brazil,10.5281/zenodo.10410908,https://zenodo.org/records/10410908,"Russell, T., Jaramillo, D., Nicholas, C., Thomas, F., Pant, R., & Hall, J. W. (2023). Infrastructure Climate Resilience Assessment Data Starter Kit for Brazil (0.1.0) [Data set]. Zenodo. https://doi.org/10.5281/zenodo.10410908"
10796811,Barbados,Infrastructure Climate Resilience Assessment Data Starter Kit for Barbados,10.5281/zenodo.10796811,https://zenodo.org/records/10796811,"Russell, T., Jaramillo, D., Nicholas, C., Thomas, F., Pant, R., & Hall, J. W. (2023). Infrastructure Climate Resilience Assessment Data Starter Kit for Barbados (0.1.0) [Data set]. Zenodo. https://doi.org/10.5281/zenodo.10796811"
10796748,Brunei,Infrastructure Climate Resilience Assessment Data Starter Kit for Brunei,10.5281/zenodo.10796748,https://zenodo.org/records/10796748,"Russell, T., Jaramillo, D., Nicholas, C., Thomas, F., Pant, R., & Hall, J. W. (2023). Infrastructure Climate Resilience Assessment Data Starter Kit for Brunei (0.1.0) [Data set]. Zenodo. https://doi.org/10.5281/zenodo.10796748"
10796703,Bhutan,Infrastructure Climate Resilience Assessment Data Starter Kit for Bhutan,10.5281/zenodo.10796703,https://zenodo.org/records/10796703,"Russell, T., Jaramillo, D., Nicholas, C., Thomas, F., Pant, R., & Hall, J. W. (2023). Infrastructure Climate Resilience Assessment Data Starter Kit for Bhutan (0.1.0) [Data set]. Zenodo. https://doi.org/10.5281/zenodo.10796703"
10410819,Botswana,Infrastructure Climate Resilience Assessment Data Starter Kit for Botswana,10.5281/zenodo.10410819,https://zenodo.org/records/10410819,"Russell, T., Jaramillo, D., Nicholas, C., Thomas, F., Pant, R., & Hall, J. W. (2023). Infrastructure Climate Resilience Assessment Data Starter Kit for Botswana (0.1.0) [Data set]. Zenodo. https://doi.org/10.5281/zenodo.10410819"
10410926,Central African Republic,Infrastructure Climate Resilience Assessment Data Starter Kit for Central African Republic,10.5281/zenodo.10410926,https://zenodo.org/records/10410926,"Russell, T., Jaramillo, D., Nicholas, C., Thomas, F., Pant, R., & Hall, J. W. (2023). Infrastructure Climate Resilience Assessment Data Starter Kit for Central African Republic (0.1.0) [Data set]. Zenodo. https://doi.org/10.5281/zenodo.10410926"
10796793,Cocos (Keeling) Islands,Infrastructure Climate Resilience Assessment Data Starter Kit for Cocos (Keeling) Islands,10.5281/zenodo.10796793,https://zenodo.org/records/10796793,"Russell, T., Jaramillo, D., Nicholas, C., Thomas, F., Pant, R., & Hall, J. W. (2023). Infrastructure Climate Resilience Assessment Data Starter Kit for Cocos (Keeling) Islands (0.1.0) [Data set]. Zenodo. https://doi.org/10.5281/zenodo.10796793"
10410906,Chile,Infrastructure Climate Resilience Assessment Data Starter Kit for Chile,10.5281/zenodo.10410906,https://zenodo.org/records/10410906,"Russell, T., Jaramillo, D., Nicholas, C., Thomas, F., Pant, R., & Hall, J. W. (2023). Infrastructure Climate Resilience Assessment Data Starter Kit for Chile (0.1.0) [Data set]. Zenodo. https://doi.org/10.5281/zenodo.10410906"
10410882,Ivory Coast,Infrastructure Climate Resilience Assessment Data Starter Kit for Ivory Coast,10.5281/zenodo.10410882,https://zenodo.org/records/10410882,"Russell, T., Jaramillo, D., Nicholas, C., Thomas, F., Pant, R., & Hall, J. W. (2023). Infrastructure Climate Resilience Assessment Data Starter Kit for Ivory Coast (0.1.0) [Data set]. Zenodo. https://doi.org/10.5281/zenodo.10410882"
10410930,Cameroon,Infrastructure Climate Resilience Assessment Data Starter Kit for Cameroon,10.5281/zenodo.10410930,https://zenodo.org/records/10410930,"Russell, T., Jaramillo, D., Nicholas, C., Thomas, F., Pant, R., & Hall, J. W. (2023). Infrastructure Climate Resilience Assessment Data Starter Kit for Cameroon (0.1.0) [Data set]. Zenodo. https://doi.org/10.5281/zenodo.10410930"
10410900,Democratic Republic of the Congo,Infrastructure Climate Resilience Assessment Data Starter Kit for Democratic Republic of the Congo,10.5281/zenodo.10410900,https://zenodo.org/records/10410900,"Russell, T., Jaramillo, D., Nicholas, C., Thomas, F., Pant, R., & Hall, J. W. (2023). Infrastructure Climate Resilience Assessment Data Starter Kit for Democratic Republic of the Congo (0.1.0) [Data set]. Zenodo. https://doi.org/10.5281/zenodo.10410900"
10410848,Republic of the Congo,Infrastructure Climate Resilience Assessment Data Starter Kit for Republic of the Congo,10.5281/zenodo.10410848,https://zenodo.org/records/10410848,"Russell, T., Jaramillo, D., Nicholas, C., Thomas, F., Pant, R., & Hall, J. W. (2023). Infrastructure Climate Resilience Assessment Data Starter Kit for Republic of the Congo (0.1.0) [Data set]. Zenodo. https://doi.org/10.5281/zenodo.10410848"
10796641,Cook Islands,Infrastructure Climate Resilience Assessment Data Starter Kit for Cook Islands,10.5281/zenodo.10796641,https://zenodo.org/records/10796641,"Russell, T., Jaramillo, D., Nicholas, C., Thomas, F., Pant, R., & Hall, J. W. (2023). Infrastructure Climate Resilience Assessment Data Starter Kit for Cook Islands (0.1.0) [Data set]. Zenodo. https://doi.org/10.5281/zenodo.10796641"
10410814,Colombia,Infrastructure Climate Resilience Assessment Data Starter Kit for Colombia,10.5281/zenodo.10410814,https://zenodo.org/records/10410814,"Russell, T., Jaramillo, D., Nicholas, C., Thomas, F., Pant, R., & Hall, J. W. (2023). Infrastructure Climate Resilience Assessment Data Starter Kit for Colombia (0.1.0) [Data set]. Zenodo. https://doi.org/10.5281/zenodo.10410814"
10796685,Comoros,Infrastructure Climate Resilience Assessment Data Starter Kit for Comoros,10.5281/zenodo.10796685,https://zenodo.org/records/10796685,"Russell, T., Jaramillo, D., Nicholas, C., Thomas, F., Pant, R., & Hall, J. W. (2023). Infrastructure Climate Resilience Assessment Data Starter Kit for Comoros (0.1.0) [Data set]. Zenodo. https://doi.org/10.5281/zenodo.10796685"
10796744,Cabo Verde,Infrastructure Climate Resilience Assessment Data Starter Kit for Cabo Verde,10.5281/zenodo.10796744,https://zenodo.org/records/10796744,"Russell, T., Jaramillo, D., Nicholas, C., Thomas, F., Pant, R., & Hall, J. W. (2023). Infrastructure Climate Resilience Assessment Data Starter Kit for Cabo Verde (0.1.0) [Data set]. Zenodo. https://doi.org/10.5281/zenodo.10796744"
10796695,Costa Rica,Infrastructure Climate Resilience Assessment Data Starter Kit for Costa Rica,10.5281/zenodo.10796695,https://zenodo.org/records/10796695,"Russell, T., Jaramillo, D., Nicholas, C., Thomas, F., Pant, R., & Hall, J. W. (2023). Infrastructure Climate Resilience Assessment Data Starter Kit for Costa Rica (0.1.0) [Data set]. Zenodo. https://doi.org/10.5281/zenodo.10796695"
10796627,Cuba,Infrastructure Climate Resilience Assessment Data Starter Kit for Cuba,10.5281/zenodo.10796627,https://zenodo.org/records/10796627,"Russell, T., Jaramillo, D., Nicholas, C., Thomas, F., Pant, R., & Hall, J. W. (2023). Infrastructure Climate Resilience Assessment Data Starter Kit for Cuba (0.1.0) [Data set]. Zenodo. https://doi.org/10.5281/zenodo.10796627"
10796677,Curaçao,Infrastructure Climate Resilience Assessment Data Starter Kit for Curaçao,10.5281/zenodo.10796677,https://zenodo.org/records/10796677,"Russell, T., Jaramillo, D., Nicholas, C., Thomas, F., Pant, R., & Hall, J. W. (2023). Infrastructure Climate Resilience Assessment Data Starter Kit for Curaçao (0.1.0) [Data set]. Zenodo. https://doi.org/10.5281/zenodo.10796677"
10796647,Christmas Island,Infrastructure Climate Resilience Assessment Data Starter Kit for Christmas Island,10.5281/zenodo.10796647,https://zenodo.org/records/10796647,"Russell, T., Jaramillo, D., Nicholas, C., Thomas, F., Pant, R., & Hall, J. W. (2023). Infrastructure Climate Resilience Assessment Data Starter Kit for Christmas Island (0.1.0) [Data set]. Zenodo. https://doi.org/10.5281/zenodo.10796647"
10796809,Cayman Islands,Infrastructure Climate Resilience Assessment Data Starter Kit for Cayman Islands,10.5281/zenodo.10796809,https://zenodo.org/records/10796809,"Russell, T., Jaramillo, D., Nicholas, C., Thomas, F., Pant, R., & Hall, J. W. (2023). Infrastructure Climate Resilience Assessment Data Starter Kit for Cayman Islands (0.1.0) [Data set]. Zenodo. https://doi.org/10.5281/zenodo.10796809"
10410914,Djibouti,Infrastructure Climate Resilience Assessment Data Starter Kit for Djibouti,10.5281/zenodo.10410914,https://zenodo.org/records/10410914,"Russell, T., Jaramillo, D., Nicholas, C., Thomas, F., Pant, R., & Hall, J. W. (2023). Infrastructure Climate Resilience Assessment Data Starter Kit for Djibouti (0.1.0) [Data set]. Zenodo. https://doi.org/10.5281/zenodo.10410914"
10796599,Dominica,Infrastructure Climate Resilience Assessment Data Starter Kit for Dominica,10.5281/zenodo.10796599,https://zenodo.org/records/10796599,"Russell, T., Jaramillo, D., Nicholas, C., Thomas, F., Pant, R., & Hall, J. W. (2023). Infrastructure Climate Resilience Assessment Data Starter Kit for Dominica (0.1.0) [Data set]. Zenodo. https://doi.org/10.5281/zenodo.10796599"
10796711,Dominican Republic,Infrastructure Climate Resilience Assessment Data Starter Kit for Dominican Republic,10.5281/zenodo.10796711,https://zenodo.org/records/10796711,"Russell, T., Jaramillo, D., Nicholas, C., Thomas, F., Pant, R., & Hall, J. W. (2023). Infrastructure Climate Resilience Assessment Data Starter Kit for Dominican Republic (0.1.0) [Data set]. Zenodo. https://doi.org/10.5281/zenodo.10796711"
10410894,Algeria,Infrastructure Climate Resilience Assessment Data Starter Kit for Algeria,10.5281/zenodo.10410894,https://zenodo.org/records/10410894,"Russell, T., Jaramillo, D., Nicholas, C., Thomas, F., Pant, R., & Hall, J. W. (2023). Infrastructure Climate Resilience Assessment Data Starter Kit for Algeria (0.1.0) [Data set]. Zenodo. https://doi.org/10.5281/zenodo.10410894"
10410890,Ecuador,Infrastructure Climate Resilience Assessment Data Starter Kit for Ecuador,10.5281/zenodo.10410890,https://zenodo.org/records/10410890,"Russell, T., Jaramillo, D., Nicholas, C., Thomas, F., Pant, R., & Hall, J. W. (2023). Infrastructure Climate Resilience Assessment Data Starter Kit for Ecuador (0.1.0) [Data set]. Zenodo. https://doi.org/10.5281/zenodo.10410890"
10410938,Egypt,Infrastructure Climate Resilience Assessment Data Starter Kit for Egypt,10.5281/zenodo.10410938,https://zenodo.org/records/10410938,"Russell, T., Jaramillo, D., Nicholas, C., Thomas, F., Pant, R., & Hall, J. W. (2023). Infrastructure Climate Resilience Assessment Data Starter Kit for Egypt (0.1.0) [Data set]. Zenodo. https://doi.org/10.5281/zenodo.10410938"
10796767,Galapagos Islands,Infrastructure Climate Resilience Assessment Data Starter Kit for Galapagos Islands,10.5281/zenodo.10796767,https://zenodo.org/records/10796767,"Russell, T., Jaramillo, D., Nicholas, C., Thomas, F., Pant, R., & Hall, J. W. (2023). Infrastructure Climate Resilience Assessment Data Starter Kit for Galapagos Islands (0.1.0) [Data set]. Zenodo. https://doi.org/10.5281/zenodo.10796767"
10410815,Eritrea,Infrastructure Climate Resilience Assessment Data Starter Kit for Eritrea,10.5281/zenodo.10410815,https://zenodo.org/records/10410815,"Russell, T., Jaramillo, D., Nicholas, C., Thomas, F., Pant, R., & Hall, J. W. (2023). Infrastructure Climate Resilience Assessment Data Starter Kit for Eritrea (0.1.0) [Data set]. Zenodo. https://doi.org/10.5281/zenodo.10410815"
10410845,Ethiopia,Infrastructure Climate Resilience Assessment Data Starter Kit for Ethiopia,10.5281/zenodo.10410845,https://zenodo.org/records/10410845,"Russell, T., Jaramillo, D., Nicholas, C., Thomas, F., Pant, R., & Hall, J. W. (2023). Infrastructure Climate Resilience Assessment Data Starter Kit for Ethiopia (0.1.0) [Data set]. Zenodo. https://doi.org/10.5281/zenodo.10410845"
10796679,Falkland Islands,Infrastructure Climate Resilience Assessment Data Starter Kit for Falkland Islands,10.5281/zenodo.10796679,https://zenodo.org/records/10796679,"Russell, T., Jaramillo, D., Nicholas, C., Thomas, F., Pant, R., & Hall, J. W. (2023). Infrastructure Climate Resilience Assessment Data Starter Kit for Falkland Islands (0.1.0) [Data set]. Zenodo. https://doi.org/10.5281/zenodo.10796679"
10796637,Fiji (East),Infrastructure Climate Resilience Assessment Data Starter Kit for Fiji (East),10.5281/zenodo.10796637,https://zenodo.org/records/10796637,"Russell, T., Jaramillo, D., Nicholas, C., Thomas, F., Pant, R., & Hall, J. W. (2023). Infrastructure Climate Resilience Assessment Data Starter Kit for Fiji (East) (0.1.0) [Data set]. Zenodo. https://doi.org/10.5281/zenodo.10796637"
10796778,Fiji (West),Infrastructure Climate Resilience Assessment Data Starter Kit for Fiji (West),10.5281/zenodo.10796778,https://zenodo.org/records/10796778,"Russell, T., Jaramillo, D., Nicholas, C., Thomas, F., Pant, R., & Hall, J. W. (2023). Infrastructure Climate Resilience Assessment Data Starter Kit for Fiji (West) (0.1.0) [Data set]. Zenodo. https://doi.org/10.5281/zenodo.10796778"
10796673,Federated States of Micronesia,Infrastructure Climate Resilience Assessment Data Starter Kit for Federated States of Micronesia,10.5281/zenodo.10796673,https://zenodo.org/records/10796673,"Russell, T., Jaramillo, D., Nicholas, C., Thomas, F., Pant, R., & Hall, J. W. (2023). Infrastructure Climate Resilience Assessment Data Starter Kit for Federated States of Micronesia (0.1.0) [Data set]. Zenodo. https://doi.org/10.5281/zenodo.10796673"
10410920,Gabon,Infrastructure Climate Resilience Assessment Data Starter Kit for Gabon,10.5281/zenodo.10410920,https://zenodo.org/records/10410920,"Russell, T., Jaramillo, D., Nicholas, C., Thomas, F., Pant, R., & Hall, J. W. (2023). Infrastructure Climate Resilience Assessment Data Starter Kit for Gabon (0.1.0) [Data set]. Zenodo. https://doi.org/10.5281/zenodo.10410920"
10410866,Ghana,Infrastructure Climate Resilience Assessment Data Starter Kit for Ghana,10.5281/zenodo.10410866,https://zenodo.org/records/10410866,"Russell, T., Jaramillo, D., Nicholas, C., Thomas, F., Pant, R., & Hall, J. W. (2023). Infrastructure Climate Resilience Assessment Data Starter Kit for Ghana (0.1.0) [Data set]. Zenodo. https://doi.org/10.5281/zenodo.10410866"
10410837,Gibraltar,Infrastructure Climate Resilience Assessment Data Starter Kit for Gibraltar,10.5281/zenodo.10410837,https://zenodo.org/records/10410837,"Russell, T., Jaramillo, D., Nicholas, C., Thomas, F., Pant, R., & Hall, J. W. (2023). Infrastructure Climate Resilience Assessment Data Starter Kit for Gibraltar (0.1.0) [Data set]. Zenodo. https://doi.org/10.5281/zenodo.10410837"
10410833,Guinea,Infrastructure Climate Resilience Assessment Data Starter Kit for Guinea,10.5281/zenodo.10410833,https://zenodo.org/records/10410833,"Russell, T., Jaramillo, D., Nicholas, C., Thomas, F., Pant, R., & Hall, J. W. (2023). Infrastructure Climate Resilience Assessment Data Starter Kit for Guinea (0.1.0) [Data set]. Zenodo. https://doi.org/10.5281/zenodo.10410833"
10796667,Guadeloupe,Infrastructure Climate Resilience Assessment Data Starter Kit for Guadeloupe,10.5281/zenodo.10796667,https://zenodo.org/records/10796667,"Russell, T., Jaramillo, D., Nicholas, C., Thomas, F., Pant, R., & Hall, J. W. (2023). Infrastructure Climate Resilience Assessment Data Starter Kit for Guadeloupe (0.1.0) [Data set]. Zenodo. https://doi.org/10.5281/zenodo.10796667"
10410918,Gambia,Infrastructure Climate Resilience Assessment Data Starter Kit for Gambia,10.5281/zenodo.10410918,https://zenodo.org/records/10410918,"Russell, T., Jaramillo, D., Nicholas, C., Thomas, F., Pant, R., & Hall, J. W. (2023). Infrastructure Climate Resilience Assessment Data Starter Kit for Gambia (0.1.0) [Data set]. Zenodo. https://doi.org/10.5281/zenodo.10410918"
10410932,Guinea-Bissau,Infrastructure Climate Resilience Assessment Data Starter Kit for Guinea-Bissau,10.5281/zenodo.10410932,https://zenodo.org/records/10410932,"Russell, T., Jaramillo, D., Nicholas, C., Thomas, F., Pant, R., & Hall, J. W. (2023). Infrastructure Climate Resilience Assessment Data Starter Kit for Guinea-Bissau (0.1.0) [Data set]. Zenodo. https://doi.org/10.5281/zenodo.10410932"
10410861,Equatorial Guinea,Infrastructure Climate Resilience Assessment Data Starter Kit for Equatorial Guinea,10.5281/zenodo.10410861,https://zenodo.org/records/10410861,"Russell, T., Jaramillo, D., Nicholas, C., Thomas, F., Pant, R., & Hall, J. W. (2023). Infrastructure Climate Resilience Assessment Data Starter Kit for Equatorial Guinea (0.1.0) [Data set]. Zenodo. https://doi.org/10.5281/zenodo.10410861"
10796741,Grenada,Infrastructure Climate Resilience Assessment Data Starter Kit for Grenada,10.5281/zenodo.10796741,https://zenodo.org/records/10796741,"Russell, T., Jaramillo, D., Nicholas, C., Thomas, F., Pant, R., & Hall, J. W. (2023). Infrastructure Climate Resilience Assessment Data Starter Kit for Grenada (0.1.0) [Data set]. Zenodo. https://doi.org/10.5281/zenodo.10796741"
10796723,Guatemala,Infrastructure Climate Resilience Assessment Data Starter Kit for Guatemala,10.5281/zenodo.10796723,https://zenodo.org/records/10796723,"Russell, T., Jaramillo, D., Nicholas, C., Thomas, F., Pant, R., & Hall, J. W. (2023). Infrastructure Climate Resilience Assessment Data Starter Kit for Guatemala (0.1.0) [Data set]. Zenodo. https://doi.org/10.5281/zenodo.10796723"
10410829,French Guiana,Infrastructure Climate Resilience Assessment Data Starter Kit for French Guiana,10.5281/zenodo.10410829,https://zenodo.org/records/10410829,"Russell, T., Jaramillo, D., Nicholas, C., Thomas, F., Pant, R., & Hall, J. W. (2023). Infrastructure Climate Resilience Assessment Data Starter Kit for French Guiana (0.1.0) [Data set]. Zenodo. https://doi.org/10.5281/zenodo.10410829"
10796655,Guam,Infrastructure Climate Resilience Assessment Data Starter Kit for Guam,10.5281/zenodo.10796655,https://zenodo.org/records/10796655,"Russell, T., Jaramillo, D., Nicholas, C., Thomas, F., Pant, R., & Hall, J. W. (2023). Infrastructure Climate Resilience Assessment Data Starter Kit for Guam (0.1.0) [Data set]. Zenodo. https://doi.org/10.5281/zenodo.10796655"
10410864,Guyana,Infrastructure Climate Resilience Assessment Data Starter Kit for Guyana,10.5281/zenodo.10410864,https://zenodo.org/records/10410864,"Russell, T., Jaramillo, D., Nicholas, C., Thomas, F., Pant, R., & Hall, J. W. (2023). Infrastructure Climate Resilience Assessment Data Starter Kit for Guyana (0.1.0) [Data set]. Zenodo. https://doi.org/10.5281/zenodo.10410864"
10796737,Honduras,Infrastructure Climate Resilience Assessment Data Starter Kit for Honduras,10.5281/zenodo.10796737,https://zenodo.org/records/10796737,"Russell, T., Jaramillo, D., Nicholas, C., Thomas, F., Pant, R., & Hall, J. W. (2023). Infrastructure Climate Resilience Assessment Data Starter Kit for Honduras (0.1.0) [Data set]. Zenodo. https://doi.org/10.5281/zenodo.10796737"
10796593,Haiti,Infrastructure Climate Resilience Assessment Data Starter Kit for Haiti,10.5281/zenodo.10796593,https://zenodo.org/records/10796593,"Russell, T., Jaramillo, D., Nicholas, C., Thomas, F., Pant, R., & Hall, J. W. (2023). Infrastructure Climate Resilience Assessment Data Starter Kit for Haiti (0.1.0) [Data set]. Zenodo. https://doi.org/10.5281/zenodo.10796593"
10796813,Indonesia,Infrastructure Climate Resilience Assessment Data Starter Kit for Indonesia,10.5281/zenodo.10796813,https://zenodo.org/records/10796813,"Russell, T., Jaramillo, D., Nicholas, C., Thomas, F., Pant, R., & Hall, J. W. (2023). Infrastructure Climate Resilience Assessment Data Starter Kit for Indonesia (0.1.0) [Data set]. Zenodo. https://doi.org/10.5281/zenodo.10796813"
10796601,Chagos Archipelago,Infrastructure Climate Resilience Assessment Data Starter Kit for Chagos Archipelago,10.5281/zenodo.10796601,https://zenodo.org/records/10796601,"Russell, T., Jaramillo, D., Nicholas, C., Thomas, F., Pant, R., & Hall, J. W. (2023). Infrastructure Climate Resilience Assessment Data Starter Kit for Chagos Archipelago (0.1.0) [Data set]. Zenodo. https://doi.org/10.5281/zenodo.10796601"
10796580,Jamaica,Infrastructure Climate Resilience Assessment Data Starter Kit for Jamaica,10.5281/zenodo.10796580,https://zenodo.org/records/10796580,"Russell, T., Jaramillo, D., Nicholas, C., Thomas, F., Pant, R., & Hall, J. W. (2023). Infrastructure Climate Resilience Assessment Data Starter Kit for Jamaica (0.1.0) [Data set]. Zenodo. https://doi.org/10.5281/zenodo.10796580"
10796769,Japan,Infrastructure Climate Resilience Assessment Data Starter Kit for Japan,10.5281/zenodo.10796769,https://zenodo.org/records/10796769,"Russell, T., Jaramillo, D., Nicholas, C., Thomas, F., Pant, R., & Hall, J. W. (2023). Infrastructure Climate Resilience Assessment Data Starter Kit for Japan (0.1.0) [Data set]. Zenodo. https://doi.org/10.5281/zenodo.10796769"
10410874,Kenya,Infrastructure Climate Resilience Assessment Data Starter Kit for Kenya,10.5281/zenodo.10410874,https://zenodo.org/records/10410874,"Russell, T., Jaramillo, D., Nicholas, C., Thomas, F., Pant, R., & Hall, J. W. (2023). Infrastructure Climate Resilience Assessment Data Starter Kit for Kenya (0.1.0) [Data set]. Zenodo. https://doi.org/10.5281/zenodo.10410874"
10796795,Cambodia,Infrastructure Climate Resilience Assessment Data Starter Kit for Cambodia,10.5281/zenodo.10796795,https://zenodo.org/records/10796795,"Russell, T., Jaramillo, D., Nicholas, C., Thomas, F., Pant, R., & Hall, J. W. (2023). Infrastructure Climate Resilience Assessment Data Starter Kit for Cambodia (0.1.0) [Data set]. Zenodo. https://doi.org/10.5281/zenodo.10796795"
10796781,Saint Kitts and Nevis,Infrastructure Climate Resilience Assessment Data Starter Kit for Saint Kitts and Nevis,10.5281/zenodo.10796781,https://zenodo.org/records/10796781,"Russell, T., Jaramillo, D., Nicholas, C., Thomas, F., Pant, R., & Hall, J. W. (2023). Infrastructure Climate Resilience Assessment Data Starter Kit for Saint Kitts and Nevis (0.1.0) [Data set]. Zenodo. https://doi.org/10.5281/zenodo.10796781"
10796591,South Korea,Infrastructure Climate Resilience Assessment Data Starter Kit for South Korea,10.5281/zenodo.10796591,https://zenodo.org/records/10796591,"Russell, T., Jaramillo, D., Nicholas, C., Thomas, F., Pant, R., & Hall, J. W. (2023). Infrastructure Climate Resilience Assessment Data Starter Kit for South Korea (0.1.0) [Data set]. Zenodo. https://doi.org/10.5281/zenodo.10796591"
10796567,Kiribati (East),Infrastructure Climate Resilience Assessment Data Starter Kit for Kiribati (East),10.5281/zenodo.10796567,https://zenodo.org/records/10796567,"Russell, T., Jaramillo, D., Nicholas, C., Thomas, F., Pant, R., & Hall, J. W. (2023). Infrastructure Climate Resilience Assessment Data Starter Kit for Kiribati (East) (0.1.0) [Data set]. Zenodo. https://doi.org/10.5281/zenodo.10796567"
10796651,Kiribati (West),Infrastructure Climate Resilience Assessment Data Starter Kit for Kiribati (West),10.5281/zenodo.10796651,https://zenodo.org/records/10796651,"Russell, T., Jaramillo, D., Nicholas, C., Thomas, F., Pant, R., & Hall, J. W. (2023). Infrastructure Climate Resilience Assessment Data Starter Kit for Kiribati (West) (0.1.0) [Data set]. Zenodo. https://doi.org/10.5281/zenodo.10796651"
10796731,Laos,Infrastructure Climate Resilience Assessment Data Starter Kit for Laos,10.5281/zenodo.10796731,https://zenodo.org/records/10796731,"Russell, T., Jaramillo, D., Nicholas, C., Thomas, F., Pant, R., & Hall, J. W. (2023). Infrastructure Climate Resilience Assessment Data Starter Kit for Laos (0.1.0) [Data set]. Zenodo. https://doi.org/10.5281/zenodo.10796731"
10410872,Liberia,Infrastructure Climate Resilience Assessment Data Starter Kit for Liberia,10.5281/zenodo.10410872,https://zenodo.org/records/10410872,"Russell, T., Jaramillo, D., Nicholas, C., Thomas, F., Pant, R., & Hall, J. W. (2023). Infrastructure Climate Resilience Assessment Data Starter Kit for Liberia (0.1.0) [Data set]. Zenodo. https://doi.org/10.5281/zenodo.10410872"
10410916,Libya,Infrastructure Climate Resilience Assessment Data Starter Kit for Libya,10.5281/zenodo.10410916,https://zenodo.org/records/10410916,"Russell, T., Jaramillo, D., Nicholas, C., Thomas, F., Pant, R., & Hall, J. W. (2023). Infrastructure Climate Resilience Assessment Data Starter Kit for Libya (0.1.0) [Data set]. Zenodo. https://doi.org/10.5281/zenodo.10410916"
10796775,Saint Lucia,Infrastructure Climate Resilience Assessment Data Starter Kit for Saint Lucia,10.5281/zenodo.10796775,https://zenodo.org/records/10796775,"Russell, T., Jaramillo, D., Nicholas, C., Thomas, F., Pant, R., & Hall, J. W. (2023). Infrastructure Climate Resilience Assessment Data Starter Kit for Saint Lucia (0.1.0) [Data set]. Zenodo. https://doi.org/10.5281/zenodo.10796775"
10796705,Sri Lanka,Infrastructure Climate Resilience Assessment Data Starter Kit for Sri Lanka,10.5281/zenodo.10796705,https://zenodo.org/records/10796705,"Russell, T., Jaramillo, D., Nicholas, C., Thomas, F., Pant, R., & Hall, J. W. (2023). Infrastructure Climate Resilience Assessment Data Starter Kit for Sri Lanka (0.1.0) [Data set]. Zenodo. https://doi.org/10.5281/zenodo.10796705"
10410808,Lesotho,Infrastructure Climate Resilience Assessment Data Starter Kit for Lesotho,10.5281/zenodo.10410808,https://zenodo.org/records/10410808,"Russell, T., Jaramillo, D., Nicholas, C., Thomas, F., Pant, R., & Hall, J. W. (2023). Infrastructure Climate Resilience Assessment Data Starter Kit for Lesotho (0.1.0) [Data set]. Zenodo. https://doi.org/10.5281/zenodo.10410808"
10796799,Saint Martin,Infrastructure Climate Resilience Assessment Data Starter Kit for Saint Martin,10.5281/zenodo.10796799,https://zenodo.org/records/10796799,"Russell, T., Jaramillo, D., Nicholas, C., Thomas, F., Pant, R., & Hall, J. W. (2023). Infrastructure Climate Resilience Assessment Data Starter Kit for Saint Martin (0.1.0) [Data set]. Zenodo. https://doi.org/10.5281/zenodo.10796799"
10410842,Morocco,Infrastructure Climate Resilience Assessment Data Starter Kit for Morocco,10.5281/zenodo.10410842,https://zenodo.org/records/10410842,"Russell, T., Jaramillo, D., Nicholas, C., Thomas, F., Pant, R., & Hall, J. W. (2023). Infrastructure Climate Resilience Assessment Data Starter Kit for Morocco (0.1.0) [Data set]. Zenodo. https://doi.org/10.5281/zenodo.10410842"
10410807,Madagascar,Infrastructure Climate Resilience Assessment Data Starter Kit for Madagascar,10.5281/zenodo.10410807,https://zenodo.org/records/10410807,"Russell, T., Jaramillo, D., Nicholas, C., Thomas, F., Pant, R., & Hall, J. W. (2023). Infrastructure Climate Resilience Assessment Data Starter Kit for Madagascar (0.1.0) [Data set]. Zenodo. https://doi.org/10.5281/zenodo.10410807"
10796615,Maldives,Infrastructure Climate Resilience Assessment Data Starter Kit for Maldives,10.5281/zenodo.10796615,https://zenodo.org/records/10796615,"Russell, T., Jaramillo, D., Nicholas, C., Thomas, F., Pant, R., & Hall, J. W. (2023). Infrastructure Climate Resilience Assessment Data Starter Kit for Maldives (0.1.0) [Data set]. Zenodo. https://doi.org/10.5281/zenodo.10796615"
10796815,Mexico,Infrastructure Climate Resilience Assessment Data Starter Kit for Mexico,10.5281/zenodo.10796815,https://zenodo.org/records/10796815,"Russell, T., Jaramillo, D., Nicholas, C., Thomas, F., Pant, R., & Hall, J. W. (2023). Infrastructure Climate Resilience Assessment Data Starter Kit for Mexico (0.1.0) [Data set]. Zenodo. https://doi.org/10.5281/zenodo.10796815"
10796605,Marshall Islands,Infrastructure Climate Resilience Assessment Data Starter Kit for Marshall Islands,10.5281/zenodo.10796605,https://zenodo.org/records/10796605,"Russell, T., Jaramillo, D., Nicholas, C., Thomas, F., Pant, R., & Hall, J. W. (2023). Infrastructure Climate Resilience Assessment Data Starter Kit for Marshall Islands (0.1.0) [Data set]. Zenodo. https://doi.org/10.5281/zenodo.10796605"
10410868,Mali,Infrastructure Climate Resilience Assessment Data Starter Kit for Mali,10.5281/zenodo.10410868,https://zenodo.org/records/10410868,"Russell, T., Jaramillo, D., Nicholas, C., Thomas, F., Pant, R., & Hall, J. W. (2023). Infrastructure Climate Resilience Assessment Data Starter Kit for Mali (0.1.0) [Data set]. Zenodo. https://doi.org/10.5281/zenodo.10410868"
10410884,Malta,Infrastructure Climate Resilience Assessment Data Starter Kit for Malta,10.5281/zenodo.10410884,https://zenodo.org/records/10410884,"Russell, T., Jaramillo, D., Nicholas, C., Thomas, F., Pant, R., & Hall, J. W. (2023). Infrastructure Climate Resilience Assessment Data Starter Kit for Malta (0.1.0) [Data set]. Zenodo. https://doi.org/10.5281/zenodo.10410884"
10796623,Myanmar,Infrastructure Climate Resilience Assessment Data Starter Kit for Myanmar,10.5281/zenodo.10796623,https://zenodo.org/records/10796623,"Russell, T., Jaramillo, D., Nicholas, C., Thomas, F., Pant, R., & Hall, J. W. (2023). Infrastructure Climate Resilience Assessment Data Starter Kit for Myanmar (0.1.0) [Data set]. Zenodo. https://doi.org/10.5281/zenodo.10796623"
10796564,Northern Mariana Islands,Infrastructure Climate Resilience Assessment Data Starter Kit for Northern Mariana Islands,10.5281/zenodo.10796564,https://zenodo.org/records/10796564,"Russell, T., Jaramillo, D., Nicholas, C., Thomas, F., Pant, R., & Hall, J. W. (2023). Infrastructure Climate Resilience Assessment Data Starter Kit for Northern Mariana Islands (0.1.0) [Data set]. Zenodo. https://doi.org/10.5281/zenodo.10796564"
10410828,Mozambique,Infrastructure Climate Resilience Assessment Data Starter Kit for Mozambique,10.5281/zenodo.10410828,https://zenodo.org/records/10410828,"Russell, T., Jaramillo, D., Nicholas, C., Thomas, F., Pant, R., & Hall, J. W. (2023). Infrastructure Climate Resilience Assessment Data Starter Kit for Mozambique (0.1.0) [Data set]. Zenodo. https://doi.org/10.5281/zenodo.10410828"
10410898,Mauritania,Infrastructure Climate Resilience Assessment Data Starter Kit for Mauritania,10.5281/zenodo.10410898,https://zenodo.org/records/10410898,"Russell, T., Jaramillo, D., Nicholas, C., Thomas, F., Pant, R., & Hall, J. W. (2023). Infrastructure Climate Resilience Assessment Data Starter Kit for Mauritania (0.1.0) [Data set]. Zenodo. https://doi.org/10.5281/zenodo.10410898"
10796621,Montserrat,Infrastructure Climate Resilience Assessment Data Starter Kit for Montserrat,10.5281/zenodo.10796621,https://zenodo.org/records/10796621,"Russell, T., Jaramillo, D., Nicholas, C., Thomas, F., Pant, R., & Hall, J. W. (2023). Infrastructure Climate Resilience Assessment Data Starter Kit for Montserrat (0.1.0) [Data set]. Zenodo. https://doi.org/10.5281/zenodo.10796621"
10796681,Martinique,Infrastructure Climate Resilience Assessment Data Starter Kit for Martinique,10.5281/zenodo.10796681,https://zenodo.org/records/10796681,"Russell, T., Jaramillo, D., Nicholas, C., Thomas, F., Pant, R., & Hall, J. W. (2023). Infrastructure Climate Resilience Assessment Data Starter Kit for Martinique (0.1.0) [Data set]. Zenodo. https://doi.org/10.5281/zenodo.10796681"
10796631,Mauritius,Infrastructure Climate Resilience Assessment Data Starter Kit for Mauritius,10.5281/zenodo.10796631,https://zenodo.org/records/10796631,"Russell, T., Jaramillo, D., Nicholas, C., Thomas, F., Pant, R., & Hall, J. W. (2023). Infrastructure Climate Resilience Assessment Data Starter Kit for Mauritius (0.1.0) [Data set]. Zenodo. https://doi.org/10.5281/zenodo.10796631"
10410924,Malawi,Infrastructure Climate Resilience Assessment Data Starter Kit for Malawi,10.5281/zenodo.10410924,https://zenodo.org/records/10410924,"Russell, T., Jaramillo, D., Nicholas, C., Thomas, F., Pant, R., & Hall, J. W. (2023). Infrastructure Climate Resilience Assessment Data Starter Kit for Malawi (0.1.0) [Data set]. Zenodo. https://doi.org/10.5281/zenodo.10410924"
10796665,Malaysia,Infrastructure Climate Resilience Assessment Data Starter Kit for Malaysia,10.5281/zenodo.10796665,https://zenodo.org/records/10796665,"Russell, T., Jaramillo, D., Nicholas, C., Thomas, F., Pant, R., & Hall, J. W. (2023). Infrastructure Climate Resilience Assessment Data Starter Kit for Malaysia (0.1.0) [Data set]. Zenodo. https://doi.org/10.5281/zenodo.10796665"
10796603,Mayotte,Infrastructure Climate Resilience Assessment Data Starter Kit for Mayotte,10.5281/zenodo.10796603,https://zenodo.org/records/10796603,"Russell, T., Jaramillo, D., Nicholas, C., Thomas, F., Pant, R., & Hall, J. W. (2023). Infrastructure Climate Resilience Assessment Data Starter Kit for Mayotte (0.1.0) [Data set]. Zenodo. https://doi.org/10.5281/zenodo.10796603"
10410849,Namibia,Infrastructure Climate Resilience Assessment Data Starter Kit for Namibia,10.5281/zenodo.10410849,https://zenodo.org/records/10410849,"Russell, T., Jaramillo, D., Nicholas, C., Thomas, F., Pant, R., & Hall, J. W. (2023). Infrastructure Climate Resilience Assessment Data Starter Kit for Namibia (0.1.0) [Data set]. Zenodo. https://doi.org/10.5281/zenodo.10410849"
10796607,New Caledonia,Infrastructure Climate Resilience Assessment Data Starter Kit for New Caledonia,10.5281/zenodo.10796607,https://zenodo.org/records/10796607,"Russell, T., Jaramillo, D., Nicholas, C., Thomas, F., Pant, R., & Hall, J. W. (2023). Infrastructure Climate Resilience Assessment Data Starter Kit for New Caledonia (0.1.0) [Data set]. Zenodo. https://doi.org/10.5281/zenodo.10796607"
10410817,Niger,Infrastructure Climate Resilience Assessment Data Starter Kit for Niger,10.5281/zenodo.10410817,https://zenodo.org/records/10410817,"Russell, T., Jaramillo, D., Nicholas, C., Thomas, F., Pant, R., & Hall, J. W. (2023). Infrastructure Climate Resilience Assessment Data Starter Kit for Niger (0.1.0) [Data set]. Zenodo. https://doi.org/10.5281/zenodo.10410817"
10410912,Nigeria,Infrastructure Climate Resilience Assessment Data Starter Kit for Nigeria,10.5281/zenodo.10410912,https://zenodo.org/records/10410912,"Russell, T., Jaramillo, D., Nicholas, C., Thomas, F., Pant, R., & Hall, J. W. (2023). Infrastructure Climate Resilience Assessment Data Starter Kit for Nigeria (0.1.0) [Data set]. Zenodo. https://doi.org/10.5281/zenodo.10410912"
10796588,Nicaragua,Infrastructure Climate Resilience Assessment Data Starter Kit for Nicaragua,10.5281/zenodo.10796588,https://zenodo.org/records/10796588,"Russell, T., Jaramillo, D., Nicholas, C., Thomas, F., Pant, R., & Hall, J. W. (2023). Infrastructure Climate Resilience Assessment Data Starter Kit for Nicaragua (0.1.0) [Data set]. Zenodo. https://doi.org/10.5281/zenodo.10796588"
10796687,Niue,Infrastructure Climate Resilience Assessment Data Starter Kit for Niue,10.5281/zenodo.10796687,https://zenodo.org/records/10796687,"Russell, T., Jaramillo, D., Nicholas, C., Thomas, F., Pant, R., & Hall, J. W. (2023). Infrastructure Climate Resilience Assessment Data Starter Kit for Niue (0.1.0) [Data set]. Zenodo. https://doi.org/10.5281/zenodo.10796687"
10796765,Nepal,Infrastructure Climate Resilience Assessment Data Starter Kit for Nepal,10.5281/zenodo.10796765,https://zenodo.org/records/10796765,"Russell, T., Jaramillo, D., Nicholas, C., Thomas, F., Pant, R., & Hall, J. W. (2023). Infrastructure Climate Resilience Assessment Data Starter Kit for Nepal (0.1.0) [Data set]. Zenodo. https://doi.org/10.5281/zenodo.10796765"
10796746,Nauru,Infrastructure Climate Resilience Assessment Data Starter Kit for Nauru,10.5281/zenodo.10796746,https://zenodo.org/records/10796746,"Russell, T., Jaramillo, D., Nicholas, C., Thomas, F., Pant, R., & Hall, J. W. (2023). Infrastructure Climate Resilience Assessment Data Starter Kit for Nauru (0.1.0) [Data set]. Zenodo. https://doi.org/10.5281/zenodo.10796746"
10796727,New Zealand (Islands),Infrastructure Climate Resilience Assessment Data Starter Kit for New Zealand (Islands),10.5281/zenodo.10796727,https://zenodo.org/records/10796727,"Russell, T., Jaramillo, D., Nicholas, C., Thomas, F., Pant, R., & Hall, J. W. (2023). Infrastructure Climate Resilience Assessment Data Starter Kit for New Zealand (Islands) (0.1.0) [Data set]. Zenodo. https://doi.org/10.5281/zenodo.10796727"
10796807,Panama,Infrastructure Climate Resilience Assessment Data Starter Kit for Panama,10.5281/zenodo.10796807,https://zenodo.org/records/10796807,"Russell, T., Jaramillo, D., Nicholas, C., Thomas, F., Pant, R., & Hall, J. W. (2023). Infrastructure Climate Resilience Assessment Data Starter Kit for Panama (0.1.0) [Data set]. Zenodo. https://doi.org/10.5281/zenodo.10796807"
10796773,Azores,Infrastructure Climate Resilience Assessment Data Starter Kit for Azores,10.5281/zenodo.10796773,https://zenodo.org/records/10796773,"Russell, T., Jaramillo, D., Nicholas, C., Thomas, F., Pant, R., & Hall, J. W. (2023). Infrastructure Climate Resilience Assessment Data Starter Kit for Azores (0.1.0) [Data set]. Zenodo. https://doi.org/10.5281/zenodo.10796773"
10796697,Pitcairn Islands,Infrastructure Climate Resilience Assessment Data Starter Kit for Pitcairn Islands,10.5281/zenodo.10796697,https://zenodo.org/records/10796697,"Russell, T., Jaramillo, D., Nicholas, C., Thomas, F., Pant, R., & Hall, J. W. (2023). Infrastructure Climate Resilience Assessment Data Starter Kit for Pitcairn Islands (0.1.0) [Data set]. Zenodo. https://doi.org/10.5281/zenodo.10796697"
10410892,Peru,Infrastructure Climate Resilience Assessment Data Starter Kit for Peru,10.5281/zenodo.10410892,https://zenodo.org/records/10410892,"Russell, T., Jaramillo, D., Nicholas, C., Thomas, F., Pant, R., & Hall, J. W. (2023). Infrastructure Climate Resilience Assessment Data Starter Kit for Peru (0.1.0) [Data set]. Zenodo. https://doi.org/10.5281/zenodo.10410892"
10796609,Spratly Islands,Infrastructure Climate Resilience Assessment Data Starter Kit for Spratly Islands,10.5281/zenodo.10796609,https://zenodo.org/records/10796609,"Russell, T., Jaramillo, D., Nicholas, C., Thomas, F., Pant, R., & Hall, J. W. (2023). Infrastructure Climate Resilience Assessment Data Starter Kit for Spratly Islands (0.1.0) [Data set]. Zenodo. https://doi.org/10.5281/zenodo.10796609"
10796755,Philippines,Infrastructure Climate Resilience Assessment Data Starter Kit for Philippines,10.5281/zenodo.10796755,https://zenodo.org/records/10796755,"Russell, T., Jaramillo, D., Nicholas, C., Thomas, F., Pant, R., & Hall, J. W. (2023). Infrastructure Climate Resilience Assessment Data Starter Kit for Philippines (0.1.0) [Data set]. Zenodo. https://doi.org/10.5281/zenodo.10796755"
10796707,Palau,Infrastructure Climate Resilience Assessment Data Starter Kit for Palau,10.5281/zenodo.10796707,https://zenodo.org/records/10796707,"Russell, T., Jaramillo, D., Nicholas, C., Thomas, F., Pant, R., & Hall, J. W. (2023). Infrastructure Climate Resilience Assessment Data Starter Kit for Palau (0.1.0) [Data set]. Zenodo. https://doi.org/10.5281/zenodo.10796707"
10796571,Madeira,Infrastructure Climate Resilience Assessment Data Starter Kit for Madeira,10.5281/zenodo.10796571,https://zenodo.org/records/10796571,"Russell, T., Jaramillo, D., Nicholas, C., Thomas, F., Pant, R., & Hall, J. W. (2023). Infrastructure Climate Resilience Assessment Data Starter Kit for Madeira (0.1.0) [Data set]. Zenodo. https://doi.org/10.5281/zenodo.10796571"
10796585,Papua New Guinea,Infrastructure Climate Resilience Assessment Data Starter Kit for Papua New Guinea,10.5281/zenodo.10796585,https://zenodo.org/records/10796585,"Russell, T., Jaramillo, D., Nicholas, C., Thomas, F., Pant, R., & Hall, J. W. (2023). Infrastructure Climate Resilience Assessment Data Starter Kit for Papua New Guinea (0.1.0) [Data set]. Zenodo. https://doi.org/10.5281/zenodo.10796585"
10796817,Puerto Rico,Infrastructure Climate Resilience Assessment Data Starter Kit for Puerto Rico,10.5281/zenodo.10796817,https://zenodo.org/records/10796817,"Russell, T., Jaramillo, D., Nicholas, C., Thomas, F., Pant, R., & Hall, J. W. (2023). Infrastructure Climate Resilience Assessment Data Starter Kit for Puerto Rico (0.1.0) [Data set]. Zenodo. https://doi.org/10.5281/zenodo.10796817"
10410878,Paraguay,Infrastructure Climate Resilience Assessment Data Starter Kit for Paraguay,10.5281/zenodo.10410878,https://zenodo.org/records/10410878,"Russell, T., Jaramillo, D., Nicholas, C., Thomas, F., Pant, R., & Hall, J. W. (2023). Infrastructure Climate Resilience Assessment Data Starter Kit for Paraguay (0.1.0) [Data set]. Zenodo. https://doi.org/10.5281/zenodo.10410878"
10796639,French Polynesia,Infrastructure Climate Resilience Assessment Data Starter Kit for French Polynesia,10.5281/zenodo.10796639,https://zenodo.org/records/10796639,"Russell, T., Jaramillo, D., Nicholas, C., Thomas, F., Pant, R., & Hall, J. W. (2023). Infrastructure Climate Resilience Assessment Data Starter Kit for French Polynesia (0.1.0) [Data set]. Zenodo. https://doi.org/10.5281/zenodo.10796639"
10796733,Reunion,Infrastructure Climate Resilience Assessment Data Starter Kit for Reunion,10.5281/zenodo.10796733,https://zenodo.org/records/10796733,"Russell, T., Jaramillo, D., Nicholas, C., Thomas, F., Pant, R., & Hall, J. W. (2023). Infrastructure Climate Resilience Assessment Data Starter Kit for Reunion (0.1.0) [Data set]. Zenodo. https://doi.org/10.5281/zenodo.10796733"
10410886,Rwanda,Infrastructure Climate Resilience Assessment Data Starter Kit for Rwanda,10.5281/zenodo.10410886,https://zenodo.org/records/10410886,"Russell, T., Jaramillo, D., Nicholas, C., Thomas, F., Pant, R., & Hall, J. W. (2023). Infrastructure Climate Resilience Assessment Data Starter Kit for Rwanda (0.1.0) [Data set]. Zenodo. https://doi.org/10.5281/zenodo.10410886"
10410838,Western Sahara,Infrastructure Climate Resilience Assessment Data Starter Kit for Western Sahara,10.5281/zenodo.10410838,https://zenodo.org/records/10410838,"Russell, T., Jaramillo, D., Nicholas, C., Thomas, F., Pant, R., & Hall, J. W. (2023). Infrastructure Climate Resilience Assessment Data Starter Kit for Western Sahara (0.1.0) [Data set]. Zenodo. https://doi.org/10.5281/zenodo.10410838"
10410851,Sudan,Infrastructure Climate Resilience Assessment Data Starter Kit for Sudan,10.5281/zenodo.10410851,https://zenodo.org/records/10410851,"Russell, T., Jaramillo, D., Nicholas, C., Thomas, F., Pant, R., & Hall, J. W. (2023). Infrastructure Climate Resilience Assessment Data Starter Kit for Sudan (0.1.0) [Data set]. Zenodo. https://doi.org/10.5281/zenodo.10410851"
10410922,South Sudan,Infrastructure Climate Resilience Assessment Data Starter Kit for South Sudan,10.5281/zenodo.10410922,https://zenodo.org/records/10410922,"Russell, T., Jaramillo, D., Nicholas, C., Thomas, F., Pant, R., & Hall, J. W. (2023). Infrastructure Climate Resilience Assessment Data Starter Kit for South Sudan (0.1.0) [Data set]. Zenodo. https://doi.org/10.5281/zenodo.10410922"
10410855,Senegal,Infrastructure Climate Resilience Assessment Data Starter Kit for Senegal,10.5281/zenodo.10410855,https://zenodo.org/records/10410855,"Russell, T., Jaramillo, D., Nicholas, C., Thomas, F., Pant, R., & Hall, J. W. (2023). Infrastructure Climate Resilience Assessment Data Starter Kit for Senegal (0.1.0) [Data set]. Zenodo. https://doi.org/10.5281/zenodo.10410855"
10796684,Singapore,Infrastructure Climate Resilience Assessment Data Starter Kit for Singapore,10.5281/zenodo.10796684,https://zenodo.org/records/10796684,"Russell, T., Jaramillo, D., Nicholas, C., Thomas, F., Pant, R., & Hall, J. W. (2023). Infrastructure Climate Resilience Assessment Data Starter Kit for Singapore (0.1.0) [Data set]. Zenodo. https://doi.org/10.5281/zenodo.10796684"
10796752,Saint Helena,Infrastructure Climate Resilience Assessment Data Starter Kit for Saint Helena,10.5281/zenodo.10796752,https://zenodo.org/records/10796752,"Russell, T., Jaramillo, D., Nicholas, C., Thomas, F., Pant, R., & Hall, J. W. (2023). Infrastructure Climate Resilience Assessment Data Starter Kit for Saint Helena (0.1.0) [Data set]. Zenodo. https://doi.org/10.5281/zenodo.10796752"
10796616,Solomon Islands,Infrastructure Climate Resilience Assessment Data Starter Kit for Solomon Islands,10.5281/zenodo.10796616,https://zenodo.org/records/10796616,"Russell, T., Jaramillo, D., Nicholas, C., Thomas, F., Pant, R., & Hall, J. W. (2023). Infrastructure Climate Resilience Assessment Data Starter Kit for Solomon Islands (0.1.0) [Data set]. Zenodo. https://doi.org/10.5281/zenodo.10796616"
10410897,Sierra Leone,Infrastructure Climate Resilience Assessment Data Starter Kit for Sierra Leone,10.5281/zenodo.10410897,https://zenodo.org/records/10410897,"Russell, T., Jaramillo, D., Nicholas, C., Thomas, F., Pant, R., & Hall, J. W. (2023). Infrastructure Climate Resilience Assessment Data Starter Kit for Sierra Leone (0.1.0) [Data set]. Zenodo. https://doi.org/10.5281/zenodo.10410897"
10796645,El Salvador,Infrastructure Climate Resilience Assessment Data Starter Kit for El Salvador,10.5281/zenodo.10796645,https://zenodo.org/records/10796645,"Russell, T., Jaramillo, D., Nicholas, C., Thomas, F., Pant, R., & Hall, J. W. (2023). Infrastructure Climate Resilience Assessment Data Starter Kit for El Salvador (0.1.0) [Data set]. Zenodo. https://doi.org/10.5281/zenodo.10796645"
10410804,San Marino,Infrastructure Climate Resilience Assessment Data Starter Kit for San Marino,10.5281/zenodo.10410804,https://zenodo.org/records/10410804,"Russell, T., Jaramillo, D., Nicholas, C., Thomas, F., Pant, R., & Hall, J. W. (2023). Infrastructure Climate Resilience Assessment Data Starter Kit for San Marino (0.1.0) [Data set]. Zenodo. https://doi.org/10.5281/zenodo.10410804"
10410911,Somaliland,Infrastructure Climate Resilience Assessment Data Starter Kit for Somaliland,10.5281/zenodo.10410911,https://zenodo.org/records/10410911,"Russell, T., Jaramillo, D., Nicholas, C., Thomas, F., Pant, R., & Hall, J. W. (2023). Infrastructure Climate Resilience Assessment Data Starter Kit for Somaliland (0.1.0) [Data set]. Zenodo. https://doi.org/10.5281/zenodo.10410911"
10410928,Somalia,Infrastructure Climate Resilience Assessment Data Starter Kit for Somalia,10.5281/zenodo.10410928,https://zenodo.org/records/10410928,"Russell, T., Jaramillo, D., Nicholas, C., Thomas, F., Pant, R., & Hall, J. W. (2023). Infrastructure Climate Resilience Assessment Data Starter Kit for Somalia (0.1.0) [Data set]. Zenodo. https://doi.org/10.5281/zenodo.10410928"
10796701,Saint Pierre and Miquelon,Infrastructure Climate Resilience Assessment Data Starter Kit for Saint Pierre and Miquelon,10.5281/zenodo.10796701,https://zenodo.org/records/10796701,"Russell, T., Jaramillo, D., Nicholas, C., Thomas, F., Pant, R., & Hall, J. W. (2023). Infrastructure Climate Resilience Assessment Data Starter Kit for Saint Pierre and Miquelon (0.1.0) [Data set]. Zenodo. https://doi.org/10.5281/zenodo.10796701"
10410856,São Tomé and Principe,Infrastructure Climate Resilience Assessment Data Starter Kit for São Tomé and Principe,10.5281/zenodo.10410856,https://zenodo.org/records/10410856,"Russell, T., Jaramillo, D., Nicholas, C., Thomas, F., Pant, R., & Hall, J. W. (2023). Infrastructure Climate Resilience Assessment Data Starter Kit for São Tomé and Principe (0.1.0) [Data set]. Zenodo. https://doi.org/10.5281/zenodo.10410856"
10410818,Suriname,Infrastructure Climate Resilience Assessment Data Starter Kit for Suriname,10.5281/zenodo.10410818,https://zenodo.org/records/10410818,"Russell, T., Jaramillo, D., Nicholas, C., Thomas, F., Pant, R., & Hall, J. W. (2023). Infrastructure Climate Resilience Assessment Data Starter Kit for Suriname (0.1.0) [Data set]. Zenodo. https://doi.org/10.5281/zenodo.10410818"
10410863,eSwatini,Infrastructure Climate Resilience Assessment Data Starter Kit for eSwatini,10.5281/zenodo.10410863,https://zenodo.org/records/10410863,"Russell, T., Jaramillo, D., Nicholas, C., Thomas, F., Pant, R., & Hall, J. W. (2023). Infrastructure Climate Resilience Assessment Data Starter Kit for eSwatini (0.1.0) [Data set]. Zenodo. https://doi.org/10.5281/zenodo.10410863"
10796658,Sint Maarten,Infrastructure Climate Resilience Assessment Data Starter Kit for Sint Maarten,10.5281/zenodo.10796658,https://zenodo.org/records/10796658,"Russell, T., Jaramillo, D., Nicholas, C., Thomas, F., Pant, R., & Hall, J. W. (2023). Infrastructure Climate Resilience Assessment Data Starter Kit for Sint Maarten (0.1.0) [Data set]. Zenodo. https://doi.org/10.5281/zenodo.10796658"
10796589,Seychelles,Infrastructure Climate Resilience Assessment Data Starter Kit for Seychelles,10.5281/zenodo.10796589,https://zenodo.org/records/10796589,"Russell, T., Jaramillo, D., Nicholas, C., Thomas, F., Pant, R., & Hall, J. W. (2023). Infrastructure Climate Resilience Assessment Data Starter Kit for Seychelles (0.1.0) [Data set]. Zenodo. https://doi.org/10.5281/zenodo.10796589"
10797489,Turks and Caicos Islands,Infrastructure Climate Resilience Assessment Data Starter Kit for Turks and Caicos Islands,10.5281/zenodo.10797489,https://zenodo.org/records/10797489,"Russell, T., Jaramillo, D., Nicholas, C., Thomas, F., Pant, R., & Hall, J. W. (2023). Infrastructure Climate Resilience Assessment Data Starter Kit for Turks and Caicos Islands (0.1.0) [Data set]. Zenodo. https://doi.org/10.5281/zenodo.10797489"
10410881,Chad,Infrastructure Climate Resilience Assessment Data Starter Kit for Chad,10.5281/zenodo.10410881,https://zenodo.org/records/10410881,"Russell, T., Jaramillo, D., Nicholas, C., Thomas, F., Pant, R., & Hall, J. W. (2023). Infrastructure Climate Resilience Assessment Data Starter Kit for Chad (0.1.0) [Data set]. Zenodo. https://doi.org/10.5281/zenodo.10410881"
10410870,Togo,Infrastructure Climate Resilience Assessment Data Starter Kit for Togo,10.5281/zenodo.10410870,https://zenodo.org/records/10410870,"Russell, T., Jaramillo, D., Nicholas, C., Thomas, F., Pant, R., & Hall, J. W. (2023). Infrastructure Climate Resilience Assessment Data Starter Kit for Togo (0.1.0) [Data set]. Zenodo. https://doi.org/10.5281/zenodo.10410870"
10796595,Thailand,Infrastructure Climate Resilience Assessment Data Starter Kit for Thailand,10.5281/zenodo.10796595,https://zenodo.org/records/10796595,"Russell, T., Jaramillo, D., Nicholas, C., Thomas, F., Pant, R., & Hall, J. W. (2023). Infrastructure Climate Resilience Assessment Data Starter Kit for Thailand (0.1.0) [Data set]. Zenodo. https://doi.org/10.5281/zenodo.10796595"
10796803,Tokelau,Infrastructure Climate Resilience Assessment Data Starter Kit for Tokelau,10.5281/zenodo.10796803,https://zenodo.org/records/10796803,"Russell, T., Jaramillo, D., Nicholas, C., Thomas, F., Pant, R., & Hall, J. W. (2023). Infrastructure Climate Resilience Assessment Data Starter Kit for Tokelau (0.1.0) [Data set]. Zenodo. https://doi.org/10.5281/zenodo.10796803"
10796725,East Timor,Infrastructure Climate Resilience Assessment Data Starter Kit for East Timor,10.5281/zenodo.10796725,https://zenodo.org/records/10796725,"Russell, T., Jaramillo, D., Nicholas, C., Thomas, F., Pant, R., & Hall, J. W. (2023). Infrastructure Climate Resilience Assessment Data Starter Kit for East Timor (0.1.0) [Data set]. Zenodo. https://doi.org/10.5281/zenodo.10796725"
10796693,Tonga,Infrastructure Climate Resilience Assessment Data Starter Kit for Tonga,10.5281/zenodo.10796693,https://zenodo.org/records/10796693,"Russell, T., Jaramillo, D., Nicholas, C., Thomas, F., Pant, R., & Hall, J. W. (2023). Infrastructure Climate Resilience Assessment Data Starter Kit for Tonga (0.1.0) [Data set]. Zenodo. https://doi.org/10.5281/zenodo.10796693"
10796614,Trinidad and Tobago,Infrastructure Climate Resilience Assessment Data Starter Kit for Trinidad and Tobago,10.5281/zenodo.10796614,https://zenodo.org/records/10796614,"Russell, T., Jaramillo, D., Nicholas, C., Thomas, F., Pant, R., & Hall, J. W. (2023). Infrastructure Climate Resilience Assessment Data Starter Kit for Trinidad and Tobago (0.1.0) [Data set]. Zenodo. https://doi.org/10.5281/zenodo.10796614"
10410858,Tunisia,Infrastructure Climate Resilience Assessment Data Starter Kit for Tunisia,10.5281/zenodo.10410858,https://zenodo.org/records/10410858,"Russell, T., Jaramillo, D., Nicholas, C., Thomas, F., Pant, R., & Hall, J. W. (2023). Infrastructure Climate Resilience Assessment Data Starter Kit for Tunisia (0.1.0) [Data set]. Zenodo. https://doi.org/10.5281/zenodo.10410858"
10796713,Tuvalu,Infrastructure Climate Resilience Assessment Data Starter Kit for Tuvalu,10.5281/zenodo.10796713,https://zenodo.org/records/10796713,"Russell, T., Jaramillo, D., Nicholas, C., Thomas, F., Pant, R., & Hall, J. W. (2023). Infrastructure Climate Resilience Assessment Data Starter Kit for Tuvalu (0.1.0) [Data set]. Zenodo. https://doi.org/10.5281/zenodo.10796713"
10796689,Taiwan,Infrastructure Climate Resilience Assessment Data Starter Kit for Taiwan,10.5281/zenodo.10796689,https://zenodo.org/records/10796689,"Russell, T., Jaramillo, D., Nicholas, C., Thomas, F., Pant, R., & Hall, J. W. (2023). Infrastructure Climate Resilience Assessment Data Starter Kit for Taiwan (0.1.0) [Data set]. Zenodo. https://doi.org/10.5281/zenodo.10796689"
10410827,Tanzania,Infrastructure Climate Resilience Assessment Data Starter Kit for Tanzania,10.5281/zenodo.10410827,https://zenodo.org/records/10410827,"Russell, T., Jaramillo, D., Nicholas, C., Thomas, F., Pant, R., & Hall, J. W. (2023). Infrastructure Climate Resilience Assessment Data Starter Kit for Tanzania (0.1.0) [Data set]. Zenodo. https://doi.org/10.5281/zenodo.10410827"
10410840,Uganda,Infrastructure Climate Resilience Assessment Data Starter Kit for Uganda,10.5281/zenodo.10410840,https://zenodo.org/records/10410840,"Russell, T., Jaramillo, D., Nicholas, C., Thomas, F., Pant, R., & Hall, J. W. (2023). Infrastructure Climate Resilience Assessment Data Starter Kit for Uganda (0.1.0) [Data set]. Zenodo. https://doi.org/10.5281/zenodo.10410840"
10410820,Uruguay,Infrastructure Climate Resilience Assessment Data Starter Kit for Uruguay,10.5281/zenodo.10410820,https://zenodo.org/records/10410820,"Russell, T., Jaramillo, D., Nicholas, C., Thomas, F., Pant, R., & Hall, J. W. (2023). Infrastructure Climate Resilience Assessment Data Starter Kit for Uruguay (0.1.0) [Data set]. Zenodo. https://doi.org/10.5281/zenodo.10410820"
10796659,Saint Vincent and the Grenadines,Infrastructure Climate Resilience Assessment Data Starter Kit for Saint Vincent and the Grenadines,10.5281/zenodo.10796659,https://zenodo.org/records/10796659,"Russell, T., Jaramillo, D., Nicholas, C., Thomas, F., Pant, R., & Hall, J. W. (2023). Infrastructure Climate Resilience Assessment Data Starter Kit for Saint Vincent and the Grenadines (0.1.0) [Data set]. Zenodo. https://doi.org/10.5281/zenodo.10796659"
10410852,Venezuela,Infrastructure Climate Resilience Assessment Data Starter Kit for Venezuela,10.5281/zenodo.10410852,https://zenodo.org/records/10410852,"Russell, T., Jaramillo, D., Nicholas, C., Thomas, F., Pant, R., & Hall, J. W. (2023). Infrastructure Climate Resilience Assessment Data Starter Kit for Venezuela (0.1.0) [Data set]. Zenodo. https://doi.org/10.5281/zenodo.10410852"
10796735,British Virgin Islands,Infrastructure Climate Resilience Assessment Data Starter Kit for British Virgin Islands,10.5281/zenodo.10796735,https://zenodo.org/records/10796735,"Russell, T., Jaramillo, D., Nicholas, C., Thomas, F., Pant, R., & Hall, J. W. (2023). Infrastructure Climate Resilience Assessment Data Starter Kit for British Virgin Islands (0.1.0) [Data set]. Zenodo. https://doi.org/10.5281/zenodo.10796735"
10796619,United States Virgin Islands,Infrastructure Climate Resilience Assessment Data Starter Kit for United States Virgin Islands,10.5281/zenodo.10796619,https://zenodo.org/records/10796619,"Russell, T., Jaramillo, D., Nicholas, C., Thomas, F., Pant, R., & Hall, J. W. (2023). Infrastructure Climate Resilience Assessment Data Starter Kit for United States Virgin Islands (0.1.0) [Data set]. Zenodo. https://doi.org/10.5281/zenodo.10796619"
10796572,Vietnam,Infrastructure Climate Resilience Assessment Data Starter Kit for Vietnam,10.5281/zenodo.10796572,https://zenodo.org/records/10796572,"Russell, T., Jaramillo, D., Nicholas, C., Thomas, F., Pant, R., & Hall, J. W. (2023). Infrastructure Climate Resilience Assessment Data Starter Kit for Vietnam (0.1.0) [Data set]. Zenodo. https://doi.org/10.5281/zenodo.10796572"
10796597,Vanuatu,Infrastructure Climate Resilience Assessment Data Starter Kit for Vanuatu,10.5281/zenodo.10796597,https://zenodo.org/records/10796597,"Russell, T., Jaramillo, D., Nicholas, C., Thomas, F., Pant, R., & Hall, J. W. (2023). Infrastructure Climate Resilience Assessment Data Starter Kit for Vanuatu (0.1.0) [Data set]. Zenodo. https://doi.org/10.5281/zenodo.10796597"
10796761,Wallis and Futuna,Infrastructure Climate Resilience Assessment Data Starter Kit for Wallis and Futuna,10.5281/zenodo.10796761,https://zenodo.org/records/10796761,"Russell, T., Jaramillo, D., Nicholas, C., Thomas, F., Pant, R., & Hall, J. W. (2023). Infrastructure Climate Resilience Assessment Data Starter Kit for Wallis and Futuna (0.1.0) [Data set]. Zenodo. https://doi.org/10.5281/zenodo.10796761"
10796629,Samoa,Infrastructure Climate Resilience Assessment Data Starter Kit for Samoa,10.5281/zenodo.10796629,https://zenodo.org/records/10796629,"Russell, T., Jaramillo, D., Nicholas, C., Thomas, F., Pant, R., & Hall, J. W. (2023). Infrastructure Climate Resilience Assessment Data Starter Kit for Samoa (0.1.0) [Data set]. Zenodo. https://doi.org/10.5281/zenodo.10796629"
10410889,South Africa,Infrastructure Climate Resilience Assessment Data Starter Kit for South Africa,10.5281/zenodo.10410889,https://zenodo.org/records/10410889,"Russell, T., Jaramillo, D., Nicholas, C., Thomas, F., Pant, R., & Hall, J. W. (2023). Infrastructure Climate Resilience Assessment Data Starter Kit for South Africa (0.1.0) [Data set]. Zenodo. https://doi.org/10.5281/zenodo.10410889"
10410836,Zambia,Infrastructure Climate Resilience Assessment Data Starter Kit for Zambia,10.5281/zenodo.10410836,https://zenodo.org/records/10410836,"Russell, T., Jaramillo, D., Nicholas, C., Thomas, F., Pant, R., & Hall, J. W. (2023). Infrastructure Climate Resilience Assessment Data Starter Kit for Zambia (0.1.0) [Data set]. Zenodo. https://doi.org/10.5281/zenodo.10410836"
10410936,Zimbabwe,Infrastructure Climate Resilience Assessment Data Starter Kit for Zimbabwe,10.5281/zenodo.10410936,https://zenodo.org/records/10410936,"Russell, T., Jaramillo, D., Nicholas, C., Thomas, F., Pant, R., & Hall, J. W. (2023). Infrastructure Climate Resilience Assessment Data Starter Kit for Zimbabwe (0.1.0) [Data set]. Zenodo. https://doi.org/10.5281/zenodo.10410936"
